height_m,0.0,50000.0,100000.0,150000.0,200000.0,250000.0,300000.0,350000.0,400000.0,450000.0
0.14,0.00441,0.00446,0.00451,0.00456,0.00461,0.00466,0.00471,0.00476,0.00481,0.00486
0.145,0.00449,0.00454,0.00459,0.00464,0.00469,0.00474,0.00479,0.00484,0.00489,0.00494
0.15,0.00458,0.00463,0.00468,0.00473,0.00478,0.00483,0.00488,0.00493,0.00498,0.00503
0.155,0.00468,0.00473,0.00478,0.00483,0.00488,0.00493,0.00498,0.00503,0.00508,0.00513
0.16,0.00481,0.00486,0.00491,0.00496,0.00501,0.00506,0.00511,0.00516,0.00521,0.00526
0.165,0.00495,0.005,0.00505,0.0051,0.00515,0.0052,0.00525,0.0053,0.00535,0.0054
0.17,0.0051,0.00515,0.0052,0.00525,0.0053,0.00535,0.0054,0.00545,0.0055,0.00555
0.175,0.00525,0.0053,0.00535,0.0054,0.00545,0.0055,0.00555,0.0056,0.00565,0.0057
0.18,0.00539,0.00544,0.00549,0.00554,0.00559,0.00564,0.00569,0.00574,0.00579,0.00584
0.185,0.00552,0.00557,0.00562,0.00567,0.00572,0.00577,0.00582,0.00587,0.00592,0.00597
0.19,0.00562,0.00567,0.00572,0.00577,0.00582,0.00587,0.00592,0.00597,0.00602,0.00607
0.195,0.00571,0.00576,0.00581,0.00586,0.00591,0.00596,0.00601,0.00606,0.00611,0.00616
0.2,0.00579,0.00584,0.00589,0.00594,0.00599,0.00604,0.00609,0.00614,0.00619,0.00624
0.21,0.00588,0.00593,0.00598,0.00603,0.00608,0.00613,0.00618,0.00623,0.00628,0.00633
0.22,0.00594,0.00599,0.00604,0.00609,0.00614,0.00619,0.00624,0.00629,0.00634,0.00639
0.23,0.00597,0.00602,0.00607,0.00612,0.00617,0.00622,0.00627,0.00632,0.00637,0.00642