Wall time,Step,Value
1788663890.724216,7168,138.0
1788663947.8086948,14336,131.0
1788663989.274982,21504,142.0
1788664031.7538862,28672,148.0
1788664077.9713285,35840,149.0
1788664128.3820264,43008,148.0
1788664184.735392,50176,145.0
1788664227.329063,57344,147.0
1788664268.5317862,64512,150.0
1788664308.630724,71680,152.0
1788664350.136095,78848,154.0
1788664391.0740514,86016,155.0
1788664431.7115104,93184,157.0
1788664473.3669324,100352,158.0
1788664516.0696013,107520,158.0
1788664563.4392183,114688,158.0
1788664639.0963285,121856,152.0
1788664687.6388235,129024,152.0
1788664736.174682,136192,151.0
1788664787.610003,143360,151.0
1788664838.9902737,150528,150.0
1788664887.2128067,157696,150.0
1788664938.8738992,164864,149.0
1788664985.2858114,172032,150.0
1788665032.872849,179200,150.0
1788665081.1152122,186368,150.0
1788665127.2030306,193536,150.0
1788665178.9604776,200704,149.0
1788665230.9275482,207872,149.0
1788665280.8973074,215040,149.0
1788665328.833625,222208,149.0
1788665377.094749,229376,149.0
1788665428.7969968,236544,148.0
1788665476.0109363,243712,148.0
1788665522.0277255,250880,149.0
1788665569.4563577,258048,149.0
1788665610.0129745,265216,149.0
1788665653.700615,272384,150.0
1788665695.3516717,279552,150.0
1788665737.2505524,286720,151.0
1788665781.2040403,293888,151.0
1788665821.6807313,301056,151.0
1788665862.108311,308224,152.0
1788665903.1448662,315392,152.0
1788665944.3983798,322560,153.0
1788665984.7638807,329728,153.0
1788666025.48653,336896,154.0
1788666067.7446432,344064,154.0
1788666107.8782806,351232,154.0
1788666148.9723215,358400,155.0
1788666189.7805743,365568,155.0
1788666229.787414,372736,155.0
1788666270.3618984,379904,156.0
1788666316.2671478,387072,156.0
1788666361.8216796,394240,156.0
1788666425.098667,401408,155.0
1788666468.7517292,408576,155.0
1788666509.8048828,415744,155.0
1788666550.955027,422912,155.0
1788666591.4625793,430080,156.0
1788666632.3506796,437248,156.0
1788666674.6705897,444416,156.0
1788666716.212509,451584,156.0
1788666756.986823,458752,157.0
1788666797.8411574,465920,157.0
1788666838.2059329,473088,157.0
1788666878.8027022,480256,157.0
1788666919.4640834,487424,158.0
1788666959.7322948,494592,158.0
1788667000.6939008,501760,158.0
1788667042.4286304,508928,158.0
1788667086.7462976,516096,158.0
1788667127.576119,523264,159.0
1788667167.8339007,530432,159.0
1788667209.1697044,537600,159.0
1788667249.7831638,544768,159.0
1788667295.92095,551936,159.0
1788667337.2934198,559104,159.0
1788667378.2580872,566272,159.0
1788667418.6530907,573440,160.0
1788667476.9082205,580608,159.0
1788667546.7008061,587776,158.0
1788667616.303578,594944,157.0
1788667771.2519102,602112,153.0
1788667896.6164942,609280,150.0
1788667988.7934005,616448,148.0
1788668061.6859262,623616,147.0
1788668133.4759226,630784,146.0
1788668207.0035207,637952,146.0
1788668279.145617,645120,145.0
1788668352.503961,652288,144.0
1788668425.3449757,659456,143.0
1788668498.8371818,666624,143.0
1788668568.1856065,673792,142.0
1788668635.6894252,680960,141.0
1788668703.2675269,688128,141.0
1788668770.6024628,695296,140.0
1788668838.5010295,702464,140.0
1788668906.0779262,709632,140.0
1788668973.1172013,716800,139.0
1788669040.515064,723968,139.0
1788669109.7345622,731136,138.0
1788669177.6166997,738304,138.0
1788669245.3436031,745472,137.0
1788669313.7472372,752640,137.0
1788669381.4082873,759808,137.0
1788669449.6826196,766976,136.0
1788669499.714763,774144,136.0
1788669539.1149943,781312,137.0
1788669576.8888736,788480,137.0
1788669614.4380667,795648,137.0
1788669653.9094942,802816,138.0
1788669691.3251724,809984,138.0
1788669729.0437474,817152,138.0
1788669767.9389303,824320,139.0
1788669806.8305948,831488,139.0
1788669844.3856163,838656,139.0
1788669881.9424753,845824,139.0
1788669920.8492317,852992,140.0
1788669958.4607573,860160,140.0
1788669996.2010155,867328,140.0
1788670034.5282729,874496,141.0
1788670071.7876747,881664,141.0
1788670109.2188606,888832,141.0
1788670146.6545818,896000,142.0
1788670183.9918835,903168,142.0
1788670221.8403842,910336,142.0
1788670259.7995064,917504,142.0
1788670297.2339659,924672,143.0
1788670334.6187139,931840,143.0
1788670372.0756934,939008,143.0
1788670410.1750343,946176,143.0
1788670447.382162,953344,144.0
1788670484.793509,960512,144.0
1788670522.957544,967680,144.0
1788670560.29478,974848,145.0
1788670597.6174715,982016,145.0
1788670635.578519,989184,145.0
1788670672.8764787,996352,145.0
1788670710.3504972,1003520,146.0
1788670747.4486532,1010688,146.0
1788670784.8056197,1017856,146.0
1788670822.7030694,1025024,146.0
1788670860.032421,1032192,147.0
1788670898.653872,1039360,147.0
1788670937.5825934,1046528,147.0
1788670975.1445274,1053696,147.0
1788671012.8747213,1060864,147.0
1788671050.2379167,1068032,148.0
1788671087.619324,1075200,148.0
1788671124.6149812,1082368,148.0
1788671161.9825978,1089536,148.0
1788671200.593354,1096704,148.0
1788671238.057149,1103872,149.0
1788671275.5324793,1111040,149.0
1788671313.8261404,1118208,149.0
1788671351.248519,1125376,149.0
1788671388.9332695,1132544,150.0
1788671426.4904017,1139712,150.0
1788671463.7764647,1146880,150.0
1788671501.0192895,1154048,150.0
1788671538.522527,1161216,150.0
1788671576.065573,1168384,151.0
1788671613.713217,1175552,151.0
1788671651.1127958,1182720,151.0
1788671688.174546,1189888,151.0
1788671725.8484962,1197056,151.0
1788671763.2681699,1204224,151.0
1788671801.0956974,1211392,152.0
1788671839.2785292,1218560,152.0
1788671877.2138278,1225728,152.0
1788671914.8591223,1232896,152.0
1788671955.4203348,1240064,152.0
1788671992.8849418,1247232,152.0
1788672030.3229728,1254400,153.0
1788672067.9154847,1261568,153.0
1788672105.3561826,1268736,153.0
1788672143.1215231,1275904,153.0
1788672180.3221943,1283072,153.0
1788672218.2775106,1290240,153.0
1788672255.850197,1297408,154.0
1788672293.0698411,1304576,154.0
1788672330.3792593,1311744,154.0
1788672367.5469763,1318912,154.0
1788672405.047503,1326080,154.0
1788672443.196305,1333248,154.0
1788672481.0009508,1340416,155.0
1788672518.8610742,1347584,155.0
1788672556.0692952,1354752,155.0
1788672593.5832374,1361920,155.0
1788672630.9410803,1369088,155.0
1788672668.1271021,1376256,155.0
1788672705.8231013,1383424,156.0
1788672743.9924073,1390592,156.0
1788672781.7516432,1397760,156.0
1788672819.6309395,1404928,156.0
1788672856.8333306,1412096,156.0
1788672894.3476672,1419264,156.0
1788672932.3212163,1426432,156.0
1788672970.8899555,1433600,156.0
1788673009.9280055,1440768,157.0
1788673047.6046479,1447936,157.0
1788673085.2325816,1455104,157.0
1788673124.135775,1462272,157.0
1788673161.408135,1469440,157.0
1788673198.6675785,1476608,157.0
1788673236.168201,1483776,157.0
1788673273.5134954,1490944,158.0
1788673311.1565871,1498112,158.0
1788673349.6303275,1505280,158.0
1788673389.2445586,1512448,158.0
1788673427.2658706,1519616,158.0
1788673464.750231,1526784,158.0
1788673502.7803783,1533952,158.0
1788673540.3042476,1541120,158.0
1788673578.2196727,1548288,158.0
1788673615.8031955,1555456,159.0
1788673654.285294,1562624,159.0
1788673692.5518675,1569792,159.0
1788673729.5666971,1576960,159.0
1788673766.9496822,1584128,159.0
1788673804.46125,1591296,159.0
1788673841.7052643,1598464,159.0
1788673881.0262136,1605632,159.0
1788673918.921323,1612800,159.0
1788673956.6622558,1619968,160.0
1788673994.3083355,1627136,160.0
1788674032.3468966,1634304,160.0
1788674069.5647266,1641472,160.0
1788674107.4856813,1648640,160.0
1788674144.9576387,1655808,160.0
1788674182.6262367,1662976,160.0
1788674220.3127406,1670144,160.0
1788674259.5803816,1677312,160.0
1788674297.992571,1684480,161.0
1788674335.2655458,1691648,161.0
1788674372.9680395,1698816,161.0
1788674411.0143104,1705984,161.0
1788674448.4211845,1713152,161.0
1788674486.1496017,1720320,161.0
1788674525.8308935,1727488,161.0
1788674563.8594787,1734656,161.0
1788674601.7630033,1741824,161.0
1788674639.1944118,1748992,161.0
1788674676.5261335,1756160,162.0
1788674714.0487785,1763328,162.0
1788674751.6696393,1770496,162.0
1788674789.3107817,1777664,162.0
1788674826.8999748,1784832,162.0
1788674863.9300132,1792000,162.0
1788674901.8210478,1799168,162.0
1788674939.7916877,1806336,162.0
1788674977.5790825,1813504,162.0
1788675016.6947045,1820672,162.0
1788675054.9699945,1827840,162.0
1788675092.793184,1835008,163.0
1788675130.4257474,1842176,163.0
1788675168.084551,1849344,163.0
1788675206.1914577,1856512,163.0
1788675243.6355991,1863680,163.0
1788675281.9485598,1870848,163.0
1788675321.442602,1878016,163.0
1788675364.0040686,1885184,163.0
1788675409.1072826,1892352,163.0
1788675456.7347982,1899520,163.0
1788675496.8351514,1906688,163.0
1788675534.8134477,1913856,163.0
1788675571.9962182,1921024,163.0
1788675611.0743499,1928192,163.0
1788675648.5087461,1935360,163.0
1788675688.5380545,1942528,163.0
1788675726.987358,1949696,164.0
1788675764.869949,1956864,164.0
1788675802.4989805,1964032,164.0
1788675840.1405754,1971200,164.0
1788675877.8575158,1978368,164.0
1788675915.0825117,1985536,164.0
1788675952.7352426,1992704,164.0
1788675989.8977468,1999872,164.0
1788676027.6441815,2007040,164.0
1788676065.6933913,2014208,164.0
1788676103.2900293,2021376,164.0
1788676140.8666801,2028544,164.0
1788676178.2715356,2035712,164.0
1788676216.5018642,2042880,165.0
1788676253.7900007,2050048,165.0
1788676291.0332172,2057216,165.0
1788676328.5464156,2064384,165.0
1788676365.9270322,2071552,165.0
1788676404.1422427,2078720,165.0
1788676441.7308483,2085888,165.0
1788676480.0631137,2093056,165.0
1788676518.7039523,2100224,165.0
1788676555.76618,2107392,165.0
1788676593.6172197,2114560,165.0
1788676631.1062853,2121728,165.0
1788676668.6646795,2128896,165.0
1788676706.370454,2136064,166.0
1788676744.4854584,2143232,166.0
1788676782.0286088,2150400,166.0
1788676819.7762122,2157568,166.0
1788676858.0229259,2164736,166.0
1788676895.4632654,2171904,166.0
1788676933.2650993,2179072,166.0
1788676970.8564672,2186240,166.0
1788677008.8504064,2193408,166.0
1788677046.909308,2200576,166.0
1788677084.5667422,2207744,166.0
1788677123.2186172,2214912,166.0
1788677162.3799362,2222080,166.0
1788677200.0501447,2229248,166.0
1788677237.5763948,2236416,166.0
1788677275.4059503,2243584,166.0
1788677313.8791802,2250752,167.0
1788677351.5048635,2257920,167.0
1788677388.7729692,2265088,167.0
1788677426.080124,2272256,167.0
1788677463.7907429,2279424,167.0
1788677501.4431908,2286592,167.0
1788677538.8742702,2293760,167.0
1788677576.2933455,2300928,167.0
1788677615.1487298,2308096,167.0
1788677653.1420867,2315264,167.0
1788677690.6924684,2322432,167.0
1788677728.1854994,2329600,167.0
1788677765.790336,2336768,167.0
1788677803.4928799,2343936,167.0
1788677841.7790904,2351104,167.0
1788677879.4684281,2358272,167.0
1788677917.3443956,2365440,168.0
1788677954.5956826,2372608,168.0
1788677992.1525493,2379776,168.0
1788678030.7608604,2386944,168.0
1788678068.5396662,2394112,168.0
1788678107.164204,2401280,168.0
1788678147.5700076,2408448,168.0
1788678185.5760958,2415616,168.0
1788678223.6323192,2422784,168.0
1788678261.1870718,2429952,168.0
1788678298.5213265,2437120,168.0
1788678335.726687,2444288,168.0
1788678373.080922,2451456,168.0
1788678410.37665,2458624,168.0
1788678447.869806,2465792,168.0
1788678485.5302758,2472960,168.0
1788678523.9193254,2480128,168.0
1788678561.8906739,2487296,168.0
1788678599.188635,2494464,168.0
1788678637.7271864,2501632,169.0
1788678675.9952826,2508800,169.0
1788678713.2296588,2515968,169.0
1788678751.3495772,2523136,169.0
1788678789.3570228,2530304,169.0
1788678827.1262429,2537472,169.0
1788678864.4931414,2544640,169.0
1788678902.0408611,2551808,169.0
1788678939.983541,2558976,169.0
1788678977.8773508,2566144,169.0
1788679018.1574154,2573312,169.0
1788679056.121933,2580480,169.0
1788679094.1119688,2587648,169.0
1788679132.1314535,2594816,169.0
1788679169.673821,2601984,169.0
1788679207.2360413,2609152,169.0
1788679245.1050363,2616320,169.0
1788679284.9457002,2623488,169.0
1788679322.4555166,2630656,169.0
1788679360.2443147,2637824,169.0
1788679398.2084656,2644992,169.0
1788679436.778822,2652160,170.0
1788679474.4074852,2659328,170.0
1788679512.132714,2666496,170.0
1788679549.846656,2673664,170.0
1788679587.1518652,2680832,170.0
1788679624.7555764,2688000,170.0
1788679662.6564312,2695168,170.0
1788679700.5177844,2702336,170.0
1788679738.1009476,2709504,170.0
1788679775.8007674,2716672,170.0
1788679813.4213815,2723840,170.0
1788679851.188133,2731008,170.0
1788679888.6266904,2738176,170.0
1788679925.7403588,2745344,170.0
1788679963.4005303,2752512,170.0
1788680000.9079478,2759680,170.0
1788680039.171753,2766848,170.0
1788680076.4469962,2774016,170.0
1788680114.2075646,2781184,170.0
1788680152.1356282,2788352,170.0
1788680189.641542,2795520,170.0
1788680227.8241348,2802688,171.0
1788680265.1631427,2809856,171.0
1788680302.9884634,2817024,171.0
1788680341.1899035,2824192,171.0
1788680378.7508845,2831360,171.0
1788680416.2818575,2838528,171.0
1788680453.195782,2845696,171.0
1788680490.0232894,2852864,171.0
1788680527.3215275,2860032,171.0
1788680564.9671936,2867200,171.0
1788680602.7159564,2874368,171.0
1788680640.310081,2881536,171.0
1788680677.914751,2888704,171.0
1788680715.9982708,2895872,171.0
1788680754.4783866,2903040,171.0
1788680792.0059457,2910208,171.0
1788680829.920621,2917376,171.0
1788680869.0030541,2924544,171.0
1788680907.453189,2931712,171.0
1788680946.1136134,2938880,171.0
1788680983.564962,2946048,171.0
1788681021.2279885,2953216,171.0
1788681059.2382371,2960384,171.0
1788681097.0334668,2967552,171.0
1788681134.765768,2974720,171.0
1788681172.5247242,2981888,172.0
1788681210.23632,2989056,172.0
1788681248.2112646,2996224,172.0
1788681285.760945,3003392,172.0
1788681323.5635805,3010560,172.0
1788681360.9136765,3017728,172.0
1788681398.4927442,3024896,172.0
1788681436.7884972,3032064,172.0
1788681474.5512943,3039232,172.0
1788681512.2573004,3046400,172.0
1788681550.4751809,3053568,172.0
1788681588.2212026,3060736,172.0
1788681626.4974837,3067904,172.0
1788681664.2764485,3075072,172.0
1788681702.639926,3082240,172.0
1788681742.4311981,3089408,172.0
1788681780.183938,3096576,172.0
1788681817.937091,3103744,172.0
1788681856.3362455,3110912,172.0
1788681893.8378098,3118080,172.0
1788681931.4982762,3125248,172.0
1788681969.1867118,3132416,172.0
1788682006.9335532,3139584,172.0
1788682044.3384733,3146752,172.0
1788682081.9917588,3153920,172.0
1788682119.6592765,3161088,172.0
1788682157.722374,3168256,172.0
1788682195.3597226,3175424,172.0
1788682232.632789,3182592,173.0
1788682270.1751103,3189760,173.0
1788682307.584858,3196928,173.0
1788682346.7664146,3204096,173.0
1788682383.9635475,3211264,173.0
1788682421.449468,3218432,173.0
1788682459.2079794,3225600,173.0
1788682496.1838412,3232768,173.0
1788682535.182278,3239936,173.0
1788682572.919738,3247104,173.0
1788682610.5272436,3254272,173.0
1788682648.5936096,3261440,173.0
1788682685.667858,3268608,173.0
1788682722.7312467,3275776,173.0
1788682760.7390938,3282944,173.0
1788682798.4265122,3290112,173.0
1788682836.448514,3297280,173.0
1788682874.2807355,3304448,173.0
1788682912.003526,3311616,173.0
1788682951.1160395,3318784,173.0
1788682988.3658404,3325952,173.0
1788683025.5380197,3333120,173.0
1788683064.090055,3340288,173.0
1788683101.482385,3347456,173.0
1788683138.5686696,3354624,173.0
1788683176.7429268,3361792,173.0
1788683226.3640475,3368960,173.0
1788683272.9968169,3376128,173.0
1788683310.6927514,3383296,173.0
1788683348.1560092,3390464,173.0
1788683385.9915082,3397632,173.0
1788683423.401822,3404800,173.0
1788683461.1405356,3411968,173.0
1788683498.7003174,3419136,173.0
1788683537.5727332,3426304,173.0
1788683575.2650812,3433472,173.0
1788683612.166079,3440640,174.0
1788683649.8050148,3447808,174.0
1788683687.5823436,3454976,174.0
1788683725.5357075,3462144,174.0
1788683763.3979788,3469312,174.0
1788683801.007786,3476480,174.0
1788683838.31466,3483648,174.0
1788683875.586738,3490816,174.0
1788683913.1059382,3497984,174.0
1788683950.7949479,3505152,174.0
1788683988.4514806,3512320,174.0
1788684025.7889898,3519488,174.0
1788684062.9272473,3526656,174.0
1788684100.3607771,3533824,174.0
1788684137.7790253,3540992,174.0
1788684175.0718307,3548160,174.0
1788684211.7857742,3555328,174.0
1788684249.4356887,3562496,174.0
1788684286.8393192,3569664,174.0
1788684324.7762234,3576832,174.0
1788684364.3107007,3584000,174.0
1788684401.5465045,3591168,174.0
1788684438.7369819,3598336,174.0
1788684475.9776182,3605504,174.0
1788684513.6366017,3612672,174.0
1788684551.2821267,3619840,174.0
1788684588.7750373,3627008,174.0
1788684626.4001527,3634176,174.0
1788684663.938443,3641344,174.0
1788684701.4214675,3648512,174.0
1788684738.5539844,3655680,174.0
1788684776.0312016,3662848,174.0
1788684813.5400841,3670016,174.0
1788684850.8869603,3677184,175.0
1788684888.2109063,3684352,175.0
1788684925.0079174,3691520,175.0
1788684962.4712613,3698688,175.0
1788684999.494133,3705856,175.0
1788685037.6429849,3713024,175.0
1788685075.1634955,3720192,175.0
1788685112.6387713,3727360,175.0
1788685149.759,3734528,175.0
1788685186.8229005,3741696,175.0
1788685224.207019,3748864,175.0
1788685261.4260242,3756032,175.0
1788685298.9457164,3763200,175.0
1788685337.5386596,3770368,175.0
1788685376.197954,3777536,175.0
1788685413.2880971,3784704,175.0
1788685450.2963579,3791872,175.0
1788685488.0964773,3799040,175.0
1788685524.8003037,3806208,175.0
1788685561.939792,3813376,175.0
1788685599.109158,3820544,175.0
1788685636.322747,3827712,175.0
1788685673.700059,3834880,175.0
1788685710.898666,3842048,175.0
1788685749.0872734,3849216,175.0
1788685786.2087023,3856384,175.0
1788685823.4430625,3863552,175.0
1788685860.1902494,3870720,175.0
1788685897.210907,3877888,175.0
1788685934.8504007,3885056,175.0
1788685971.7663002,3892224,175.0
1788686009.2542152,3899392,175.0
1788686046.6182952,3906560,175.0
1788686083.5230005,3913728,175.0
1788686120.5331666,3920896,175.0
1788686158.3076613,3928064,175.0
1788686196.4016812,3935232,176.0
1788686233.7517307,3942400,176.0
1788686271.4700208,3949568,176.0
1788686308.6395094,3956736,176.0
1788686346.259577,3963904,176.0
1788686383.8622494,3971072,176.0
1788686421.584947,3978240,176.0
1788686458.727758,3985408,176.0
1788686496.4423642,3992576,176.0
1788686533.970579,3999744,176.0
1788686572.4569788,4006912,176.0
